<?xml version="1.0" encoding="UTF-8"?>
<!DOCTYPE mapper PUBLIC "-//mybatis.org//DTD Mapper 3.0//EN" 
"http://mybatis.org/dtd/mybatis-3-mapper.dtd">

<mapper namespace="com.oracle.oBootMybatis01.EmpMapper">
	
	<select id="tkEmpTotal" resultType="int">
		SELECT Count(*) FROM emp
	</select>
	
	<select id="tkEmpListAll3" parameterType="Emp" resultType="Emp">
		SELECT * 
		FROM (
			SELECT rownum rn, a.*
			FROM (SELECT * FROM emp ORDER BY empno) a
			)
		WHERE rn between #{start} AND #{end}
	</select>
	
	<select id="tkEmpListAll" parameterType="Emp" resultType="Emp">
		<![CDATA[
			SELECT * 
			FROM (
				SELECT rownum rn, a.*
				FROM (SELECT * FROM emp ORDER BY empno) a
				)
			WHERE rn >= #{start} AND
				  rn <= #{end}
		]]>
	</select>
	
	<select id="tkEmpSelOne" parameterType="int" resultType="Emp">
		SELECT * FROM EMP WHERE empno = #{empno}
	</select>
	
	<update id="tkEmpUpdate" parameterType="Emp">
		UPDATE EMP SET 	ename=#{ename}, 
						job=#{job}, 
						sal=#{sal}, 
						hiredate=#{hiredate}, 
						comm=#{comm}, 
						mgr=#{mgr}, 
						deptno=#{deptno}
		WHERE empno=#{empno}
	</update>
	
	<select id="tkSelectManager" resultType="Emp">
		SELECT * FROM EMP WHERE empno in (select mgr from emp)
	</select>
	
	<insert id="insertEmp" parameterType="Emp">
		INSERT INTO EMP
		VALUES(#{empno}, #{ename}, #{job}, #{mgr}, #{hiredate}, #{sal}, #{comm}, #{deptno})
	</insert>
	
	<delete id="delete" parameterType="int">
		DELETE
		FROM EMP
		WHERE empno = #{empno}
	</delete>
	
	<select id="tkEmpListKeyword" parameterType="Emp" resultType="Emp">
		SELECT * 
		FROM (
			SELECT rownum rn, a.*
			FROM (
					SELECT * FROM emp 
					<choose>
						<when test="search == 's_all'">
							WHERE ( 	ename like '%' || #{keyword} || '%'
								OR	job like '%' || #{keyword} || '%'
								)
						</when>
						<when test="search == 's_job'">
							WHERE job like '%' || #{keyword} || '%'
						</when>
						<when test="search == 's_ename'">
							WHERE ename like '%' || #{keyword} || '%'
						</when>
						<otherwise>
							WHERE ( 	ename like '%'
								OR	job like '%' 
								)
						</otherwise>
					</choose>
					ORDER BY empno
				) a
			)
		WHERE rn between #{start} AND #{end}
		
	</select>
	
	<select id="tkEmpTotalKeyword" parameterType="Emp" resultType="int">
		SELECT Count(*) FROM emp
		<choose>
			<when test="search == 's_all'">
				WHERE ( 	ename like '%' || #{keyword} || '%'
					OR	job like '%' || #{keyword} || '%'
					)
			</when>
			<when test="search == 's_job'">
				WHERE job like '%' || #{keyword} || '%'
			</when>
			<when test="search == 's_ename'">
				WHERE ename like '%' || #{keyword} || '%'
			</when>
			<otherwise>
				WHERE job like '%'
			</otherwise>
		</choose>
	</select>
</mapper>